question_id,permutation_idx,model,predicted_answer,correct_position,original_correct,is_correct,prob_A,prob_B,prob_C,prob_D,sample_count_A,sample_count_B,sample_count_C,sample_count_D,total_valid_samples,question,is_correct_fixed,debiased_predicted_answer,debiased_is_correct
2012_q2,0,llama3:8b-instruct-q8_0,D,C,C,0,0.0,0.0,0.28,0.72,0,0,7,18,25,What are the 8-bit one's complement and 8-bit two's complement of the binary number 10110 ?,0,D,0
2012_q2,1,llama3:8b-instruct-q8_0,C,B,C,0,0.0,0.24,0.76,0.0,0,6,19,0,25,What are the 8-bit one's complement and 8-bit two's complement of the binary number 10110 ?,0,C,0
2012_q2,2,llama3:8b-instruct-q8_0,B,A,C,0,0.36,0.64,0.0,0.0,9,16,0,0,25,What are the 8-bit one's complement and 8-bit two's complement of the binary number 10110 ?,0,B,0
2012_q2,3,llama3:8b-instruct-q8_0,A,D,C,0,0.68,0.0,0.0,0.32,17,0,0,8,25,What are the 8-bit one's complement and 8-bit two's complement of the binary number 10110 ?,0,A,0
2012_q3,0,llama3:8b-instruct-q8_0,C,C,C,1,0.36,0.12,0.52,0.0,9,3,13,0,25,Which of the following actions involve converting data between digital and analog forms? (1) Playing mp3 music (2) Recording videos using a webcam (3) Copying a text file,1,C,1
2012_q3,1,llama3:8b-instruct-q8_0,A,B,C,0,0.52,0.48,0.0,0.0,13,12,0,0,25,Which of the following actions involve converting data between digital and analog forms? (1) Playing mp3 music (2) Recording videos using a webcam (3) Copying a text file,0,B,1
2012_q3,2,llama3:8b-instruct-q8_0,A,A,C,1,0.76,0.0,0.0,0.24,19,0,0,6,25,Which of the following actions involve converting data between digital and analog forms? (1) Playing mp3 music (2) Recording videos using a webcam (3) Copying a text file,1,A,1
2012_q3,3,llama3:8b-instruct-q8_0,D,D,C,1,0.0,0.44,0.0,0.56,0,11,0,14,25,Which of the following actions involve converting data between digital and analog forms? (1) Playing mp3 music (2) Recording videos using a webcam (3) Copying a text file,1,D,1
2012_q4,0,llama3:8b-instruct-q8_0,B,B,B,1,0.0,1.0,0.0,0.0,0,25,0,0,25,Peter configures the colour quality of a display unit. Which of the following pixels are involved? (1) Black (2) White (3) Green (4) Red (5) Blue,1,B,1
2012_q4,1,llama3:8b-instruct-q8_0,B,A,B,0,0.0,0.64,0.36,0.0,0,16,9,0,25,Peter configures the colour quality of a display unit. Which of the following pixels are involved? (1) Black (2) White (3) Green (4) Red (5) Blue,0,B,0
2012_q4,2,llama3:8b-instruct-q8_0,B,D,B,0,0.0,1.0,0.0,0.0,0,25,0,0,25,Peter configures the colour quality of a display unit. Which of the following pixels are involved? (1) Black (2) White (3) Green (4) Red (5) Blue,0,B,0
2012_q4,3,llama3:8b-instruct-q8_0,B,C,B,0,0.0,0.52,0.48,0.0,0,13,12,0,25,Peter configures the colour quality of a display unit. Which of the following pixels are involved? (1) Black (2) White (3) Green (4) Red (5) Blue,0,C,1
2012_q6,0,llama3:8b-instruct-q8_0,C,C,C,1,0.0,0.48,0.52,0.0,0,12,13,0,25,Which of the following statements about clicking a hyperlink in a presentation file is correct?,1,C,1
2012_q6,1,llama3:8b-instruct-q8_0,B,B,C,1,0.0,1.0,0.0,0.0,0,25,0,0,25,Which of the following statements about clicking a hyperlink in a presentation file is correct?,1,B,1
2012_q6,2,llama3:8b-instruct-q8_0,A,A,C,1,0.8,0.2,0.0,0.0,20,5,0,0,25,Which of the following statements about clicking a hyperlink in a presentation file is correct?,1,A,1
2012_q6,3,llama3:8b-instruct-q8_0,D,D,C,1,0.0,0.0,0.0,1.0,0,0,0,25,25,Which of the following statements about clicking a hyperlink in a presentation file is correct?,1,D,1
2012_q9,0,llama3:8b-instruct-q8_0,A,A,A,1,0.96,0.0,0.04,0.0,24,0,1,0,25,Assume that every household has a residential telephone number. In which of the following database applications could the residential telephone number be used as a key field?,1,A,1
2012_q9,1,llama3:8b-instruct-q8_0,D,D,A,1,0.0,0.0,0.0,1.0,0,0,0,25,25,Assume that every household has a residential telephone number. In which of the following database applications could the residential telephone number be used as a key field?,1,D,1
2012_q9,2,llama3:8b-instruct-q8_0,C,C,A,1,0.0,0.0,1.0,0.0,0,0,25,0,25,Assume that every household has a residential telephone number. In which of the following database applications could the residential telephone number be used as a key field?,1,C,1
2012_q9,3,llama3:8b-instruct-q8_0,B,B,A,1,0.0,1.0,0.0,0.0,0,25,0,0,25,Assume that every household has a residential telephone number. In which of the following database applications could the residential telephone number be used as a key field?,1,B,1
2012_q10,0,llama3:8b-instruct-q8_0,D,D,D,1,0.2,0.0,0.0,0.8,5,0,0,20,25,Why should a software suite be used in an IT project? (1) Data used in the project can be shared within the software suite effectively. (2) Data files generated by the software suite are smaller. (3) The project will be in a web-based format.,1,D,1
2012_q10,1,llama3:8b-instruct-q8_0,C,C,D,1,0.0,0.0,1.0,0.0,0,0,25,0,25,Why should a software suite be used in an IT project? (1) Data used in the project can be shared within the software suite effectively. (2) Data files generated by the software suite are smaller. (3) The project will be in a web-based format.,1,C,1
2012_q10,2,llama3:8b-instruct-q8_0,B,B,D,1,0.12,0.88,0.0,0.0,3,22,0,0,25,Why should a software suite be used in an IT project? (1) Data used in the project can be shared within the software suite effectively. (2) Data files generated by the software suite are smaller. (3) The project will be in a web-based format.,1,B,1
2012_q10,3,llama3:8b-instruct-q8_0,A,A,D,1,1.0,0.0,0.0,0.0,25,0,0,0,25,Why should a software suite be used in an IT project? (1) Data used in the project can be shared within the software suite effectively. (2) Data files generated by the software suite are smaller. (3) The project will be in a web-based format.,1,A,1
2012_q11,0,llama3:8b-instruct-q8_0,A,A,A,1,1.0,0.0,0.0,0.0,25,0,0,0,25,Which of the following statements about a check digit for a data item is correct?,1,A,1
2012_q11,1,llama3:8b-instruct-q8_0,D,D,A,1,0.0,0.0,0.0,1.0,0,0,0,25,25,Which of the following statements about a check digit for a data item is correct?,1,D,1
2012_q11,2,llama3:8b-instruct-q8_0,C,C,A,1,0.0,0.0,1.0,0.0,0,0,25,0,25,Which of the following statements about a check digit for a data item is correct?,1,C,1
2012_q11,3,llama3:8b-instruct-q8_0,B,B,A,1,0.0,1.0,0.0,0.0,0,25,0,0,25,Which of the following statements about a check digit for a data item is correct?,1,B,1
2012_q12,0,llama3:8b-instruct-q8_0,A,D,D,0,0.52,0.48,0.0,0.0,13,12,0,0,25,"When editing a document, which of the following word processing features can enhance its readability? (1) Tables (2) Find and replace (3) Footnotes",0,B,0
2012_q12,1,llama3:8b-instruct-q8_0,D,C,D,0,0.24,0.0,0.0,0.76,6,0,0,19,25,"When editing a document, which of the following word processing features can enhance its readability? (1) Tables (2) Find and replace (3) Footnotes",0,D,0
2012_q12,2,llama3:8b-instruct-q8_0,C,B,D,0,0.0,0.0,1.0,0.0,0,0,25,0,25,"When editing a document, which of the following word processing features can enhance its readability? (1) Tables (2) Find and replace (3) Footnotes",0,C,0
2012_q12,3,llama3:8b-instruct-q8_0,A,A,D,1,0.52,0.48,0.0,0.0,13,12,0,0,25,"When editing a document, which of the following word processing features can enhance its readability? (1) Tables (2) Find and replace (3) Footnotes",1,B,0
2012_q15,0,llama3:8b-instruct-q8_0,D,D,D,1,0.0,0.0,0.0,1.0,0,0,0,25,25,Tom currently uses a software package on a desktop computer. He tries to install this software on his tablet computer but fails. Why? (1) The tablet computer uses a different operating system. (2) The tablet computer uses a virtual keyboard. (3) The tablet computer uses a solid-state drive.,1,D,1
2012_q15,1,llama3:8b-instruct-q8_0,C,C,D,1,0.0,0.0,1.0,0.0,0,0,25,0,25,Tom currently uses a software package on a desktop computer. He tries to install this software on his tablet computer but fails. Why? (1) The tablet computer uses a different operating system. (2) The tablet computer uses a virtual keyboard. (3) The tablet computer uses a solid-state drive.,1,C,1
2012_q15,2,llama3:8b-instruct-q8_0,B,B,D,1,0.0,1.0,0.0,0.0,0,25,0,0,25,Tom currently uses a software package on a desktop computer. He tries to install this software on his tablet computer but fails. Why? (1) The tablet computer uses a different operating system. (2) The tablet computer uses a virtual keyboard. (3) The tablet computer uses a solid-state drive.,1,B,1
2012_q15,3,llama3:8b-instruct-q8_0,A,A,D,1,1.0,0.0,0.0,0.0,25,0,0,0,25,Tom currently uses a software package on a desktop computer. He tries to install this software on his tablet computer but fails. Why? (1) The tablet computer uses a different operating system. (2) The tablet computer uses a virtual keyboard. (3) The tablet computer uses a solid-state drive.,1,A,1
2012_q17,0,llama3:8b-instruct-q8_0,D,D,D,1,0.0,0.0,0.0,1.0,0,0,0,25,25,Carey wants to upgrade the DDR II 2G 667 MHz RAM of her computer to DDR III 2G 1333MHz RAM with a higher data transfer rate. Which of the following features should be considered?,1,D,1
2012_q17,1,llama3:8b-instruct-q8_0,C,C,D,1,0.0,0.0,1.0,0.0,0,0,25,0,25,Carey wants to upgrade the DDR II 2G 667 MHz RAM of her computer to DDR III 2G 1333MHz RAM with a higher data transfer rate. Which of the following features should be considered?,1,C,1
2012_q17,2,llama3:8b-instruct-q8_0,B,B,D,1,0.0,1.0,0.0,0.0,0,25,0,0,25,Carey wants to upgrade the DDR II 2G 667 MHz RAM of her computer to DDR III 2G 1333MHz RAM with a higher data transfer rate. Which of the following features should be considered?,1,B,1
2012_q17,3,llama3:8b-instruct-q8_0,A,A,D,1,1.0,0.0,0.0,0.0,25,0,0,0,25,Carey wants to upgrade the DDR II 2G 667 MHz RAM of her computer to DDR III 2G 1333MHz RAM with a higher data transfer rate. Which of the following features should be considered?,1,A,1
2012_q18,0,llama3:8b-instruct-q8_0,B,B,B,1,0.48,0.52,0.0,0.0,12,13,0,0,25,What is the main purpose of having a memory cache in a CPU?,1,B,1
2012_q18,1,llama3:8b-instruct-q8_0,A,A,B,1,0.68,0.0,0.32,0.0,17,0,8,0,25,What is the main purpose of having a memory cache in a CPU?,1,A,1
2012_q18,2,llama3:8b-instruct-q8_0,A,D,B,0,0.56,0.44,0.0,0.0,14,11,0,0,25,What is the main purpose of having a memory cache in a CPU?,0,A,0
2012_q18,3,llama3:8b-instruct-q8_0,A,C,B,0,0.52,0.0,0.48,0.0,13,0,12,0,25,What is the main purpose of having a memory cache in a CPU?,0,C,1
2012_q19,0,llama3:8b-instruct-q8_0,C,C,C,1,0.0,0.0,1.0,0.0,0,0,25,0,25,"When buying a wireless broadband router for a network at home, which of the following considerations is not necessary?",1,C,1
2012_q19,1,llama3:8b-instruct-q8_0,B,B,C,1,0.0,1.0,0.0,0.0,0,25,0,0,25,"When buying a wireless broadband router for a network at home, which of the following considerations is not necessary?",1,B,1
2012_q19,2,llama3:8b-instruct-q8_0,A,A,C,1,1.0,0.0,0.0,0.0,25,0,0,0,25,"When buying a wireless broadband router for a network at home, which of the following considerations is not necessary?",1,A,1
2012_q19,3,llama3:8b-instruct-q8_0,D,D,C,1,0.0,0.0,0.0,1.0,0,0,0,25,25,"When buying a wireless broadband router for a network at home, which of the following considerations is not necessary?",1,D,1
2012_q20,0,llama3:8b-instruct-q8_0,A,A,A,1,1.0,0.0,0.0,0.0,25,0,0,0,25,Carol uses a digital camera to take photos of her school hall. The photos will be uploaded and shown on the school's web pages. Which of the following image file types are suitable for her to use? (1) PNG (2) GIF (3) JPG (4) TIFF,1,A,1
2012_q20,1,llama3:8b-instruct-q8_0,D,D,A,1,0.0,0.0,0.0,1.0,0,0,0,25,25,Carol uses a digital camera to take photos of her school hall. The photos will be uploaded and shown on the school's web pages. Which of the following image file types are suitable for her to use? (1) PNG (2) GIF (3) JPG (4) TIFF,1,D,1
2012_q20,2,llama3:8b-instruct-q8_0,C,C,A,1,0.2,0.0,0.8,0.0,5,0,20,0,25,Carol uses a digital camera to take photos of her school hall. The photos will be uploaded and shown on the school's web pages. Which of the following image file types are suitable for her to use? (1) PNG (2) GIF (3) JPG (4) TIFF,1,C,1
2012_q20,3,llama3:8b-instruct-q8_0,B,B,A,1,0.0,0.92,0.0,0.08,0,23,0,2,25,Carol uses a digital camera to take photos of her school hall. The photos will be uploaded and shown on the school's web pages. Which of the following image file types are suitable for her to use? (1) PNG (2) GIF (3) JPG (4) TIFF,1,B,1
2012_q21,0,llama3:8b-instruct-q8_0,B,B,B,1,0.0,1.0,0.0,0.0,0,25,0,0,25,"Carol uses a digital camera to take photos of her school hall. The photos will be uploaded and shown on the school's web pages. Before uploading a photo, what should Carol do?",1,B,1
2012_q21,1,llama3:8b-instruct-q8_0,A,A,B,1,1.0,0.0,0.0,0.0,25,0,0,0,25,"Carol uses a digital camera to take photos of her school hall. The photos will be uploaded and shown on the school's web pages. Before uploading a photo, what should Carol do?",1,A,1
2012_q21,2,llama3:8b-instruct-q8_0,D,D,B,1,0.0,0.0,0.0,1.0,0,0,0,25,25,"Carol uses a digital camera to take photos of her school hall. The photos will be uploaded and shown on the school's web pages. Before uploading a photo, what should Carol do?",1,D,1
2012_q21,3,llama3:8b-instruct-q8_0,C,C,B,1,0.0,0.0,1.0,0.0,0,0,25,0,25,"Carol uses a digital camera to take photos of her school hall. The photos will be uploaded and shown on the school's web pages. Before uploading a photo, what should Carol do?",1,C,1
2012_q23,0,llama3:8b-instruct-q8_0,B,B,B,1,0.0,1.0,0.0,0.0,0,25,0,0,25,Henry lives in Hong Kong. He likes bags made in Europe so he buys a bag through the online shopping web site of a shop in France. There are different kinds of online shopping web sites. What features do they usually have? (1) Electronic Fund Transfer (2) A peer-to-peer (p2p) network (3) Mainframe computers (4) A Database Management System (DBMS),1,B,1
2012_q23,1,llama3:8b-instruct-q8_0,A,A,B,1,1.0,0.0,0.0,0.0,25,0,0,0,25,Henry lives in Hong Kong. He likes bags made in Europe so he buys a bag through the online shopping web site of a shop in France. There are different kinds of online shopping web sites. What features do they usually have? (1) Electronic Fund Transfer (2) A peer-to-peer (p2p) network (3) Mainframe computers (4) A Database Management System (DBMS),1,A,1
2012_q23,2,llama3:8b-instruct-q8_0,D,D,B,1,0.0,0.0,0.0,1.0,0,0,0,25,25,Henry lives in Hong Kong. He likes bags made in Europe so he buys a bag through the online shopping web site of a shop in France. There are different kinds of online shopping web sites. What features do they usually have? (1) Electronic Fund Transfer (2) A peer-to-peer (p2p) network (3) Mainframe computers (4) A Database Management System (DBMS),1,D,1
2012_q23,3,llama3:8b-instruct-q8_0,C,C,B,1,0.0,0.0,1.0,0.0,0,0,25,0,25,Henry lives in Hong Kong. He likes bags made in Europe so he buys a bag through the online shopping web site of a shop in France. There are different kinds of online shopping web sites. What features do they usually have? (1) Electronic Fund Transfer (2) A peer-to-peer (p2p) network (3) Mainframe computers (4) A Database Management System (DBMS),1,C,1
2012_q24,0,llama3:8b-instruct-q8_0,B,B,B,1,0.0,1.0,0.0,0.0,0,25,0,0,25,Which of the following can enhance the security of online banking? (1) Remote logon (2) Tokens (3) Peer-to-peer network,1,B,1
2012_q24,1,llama3:8b-instruct-q8_0,A,A,B,1,1.0,0.0,0.0,0.0,25,0,0,0,25,Which of the following can enhance the security of online banking? (1) Remote logon (2) Tokens (3) Peer-to-peer network,1,A,1
2012_q24,2,llama3:8b-instruct-q8_0,D,D,B,1,0.0,0.0,0.0,1.0,0,0,0,25,25,Which of the following can enhance the security of online banking? (1) Remote logon (2) Tokens (3) Peer-to-peer network,1,D,1
2012_q24,3,llama3:8b-instruct-q8_0,C,C,B,1,0.0,0.0,1.0,0.0,0,0,25,0,25,Which of the following can enhance the security of online banking? (1) Remote logon (2) Tokens (3) Peer-to-peer network,1,C,1
2012_q25,0,llama3:8b-instruct-q8_0,B,B,B,1,0.0,1.0,0.0,0.0,0,25,0,0,25,Why should network interface cards (NICs) be used in a computer network? (1) The network needs to support data transfer at 10GB per second. (2) NICs convert analog signals into digital signals and vice versa.,1,B,1
2012_q25,1,llama3:8b-instruct-q8_0,A,A,B,1,1.0,0.0,0.0,0.0,25,0,0,0,25,Why should network interface cards (NICs) be used in a computer network? (1) The network needs to support data transfer at 10GB per second. (2) NICs convert analog signals into digital signals and vice versa.,1,A,1
2012_q25,2,llama3:8b-instruct-q8_0,D,D,B,1,0.0,0.0,0.0,1.0,0,0,0,25,25,Why should network interface cards (NICs) be used in a computer network? (1) The network needs to support data transfer at 10GB per second. (2) NICs convert analog signals into digital signals and vice versa.,1,D,1
2012_q25,3,llama3:8b-instruct-q8_0,C,C,B,1,0.0,0.0,1.0,0.0,0,0,25,0,25,Why should network interface cards (NICs) be used in a computer network? (1) The network needs to support data transfer at 10GB per second. (2) NICs convert analog signals into digital signals and vice versa.,1,C,1
2012_q27,0,llama3:8b-instruct-q8_0,A,A,A,1,1.0,0.0,0.0,0.0,25,0,0,0,25,"At home, Mary can access the HKEEA's web site by entering http://www.hkeaa.edu.hk, but she can do it by entering http://210.0.205.228. Why?",1,A,1
2012_q27,1,llama3:8b-instruct-q8_0,D,D,A,1,0.0,0.0,0.0,1.0,0,0,0,25,25,"At home, Mary can access the HKEEA's web site by entering http://www.hkeaa.edu.hk, but she can do it by entering http://210.0.205.228. Why?",1,D,1
2012_q27,2,llama3:8b-instruct-q8_0,C,C,A,1,0.2,0.0,0.8,0.0,5,0,20,0,25,"At home, Mary can access the HKEEA's web site by entering http://www.hkeaa.edu.hk, but she can do it by entering http://210.0.205.228. Why?",1,C,1
2012_q27,3,llama3:8b-instruct-q8_0,B,B,A,1,0.0,1.0,0.0,0.0,0,25,0,0,25,"At home, Mary can access the HKEEA's web site by entering http://www.hkeaa.edu.hk, but she can do it by entering http://210.0.205.228. Why?",1,B,1
2012_q28,0,llama3:8b-instruct-q8_0,D,B,B,0,0.0,0.0,0.0,1.0,0,0,0,25,25,John can view an online video on the computer at home but not on the computer in his school. Why?,0,D,0
2012_q28,1,llama3:8b-instruct-q8_0,C,A,B,0,0.0,0.0,1.0,0.0,0,0,25,0,25,John can view an online video on the computer at home but not on the computer in his school. Why?,0,C,0
2012_q28,2,llama3:8b-instruct-q8_0,B,D,B,0,0.0,1.0,0.0,0.0,0,25,0,0,25,John can view an online video on the computer at home but not on the computer in his school. Why?,0,B,0
2012_q28,3,llama3:8b-instruct-q8_0,A,C,B,0,1.0,0.0,0.0,0.0,25,0,0,0,25,John can view an online video on the computer at home but not on the computer in his school. Why?,0,A,0
2012_q29,0,llama3:8b-instruct-q8_0,D,D,D,1,0.0,0.0,0.0,1.0,0,0,0,25,25,"In an IT project, Tom has written the source code. He tests it with valid input data items. What should he do next?",1,D,1
2012_q29,1,llama3:8b-instruct-q8_0,C,C,D,1,0.0,0.0,1.0,0.0,0,0,25,0,25,"In an IT project, Tom has written the source code. He tests it with valid input data items. What should he do next?",1,C,1
2012_q29,2,llama3:8b-instruct-q8_0,B,B,D,1,0.0,1.0,0.0,0.0,0,25,0,0,25,"In an IT project, Tom has written the source code. He tests it with valid input data items. What should he do next?",1,B,1
2012_q29,3,llama3:8b-instruct-q8_0,A,A,D,1,1.0,0.0,0.0,0.0,25,0,0,0,25,"In an IT project, Tom has written the source code. He tests it with valid input data items. What should he do next?",1,A,1
2012_q33,0,llama3:8b-instruct-q8_0,C,C,C,1,0.0,0.0,1.0,0.0,0,0,25,0,25,Which of the following statements about open source software is correct?,1,C,1
2012_q33,1,llama3:8b-instruct-q8_0,B,B,C,1,0.0,1.0,0.0,0.0,0,25,0,0,25,Which of the following statements about open source software is correct?,1,B,1
2012_q33,2,llama3:8b-instruct-q8_0,A,A,C,1,1.0,0.0,0.0,0.0,25,0,0,0,25,Which of the following statements about open source software is correct?,1,A,1
2012_q33,3,llama3:8b-instruct-q8_0,D,D,C,1,0.0,0.0,0.0,1.0,0,0,0,25,25,Which of the following statements about open source software is correct?,1,D,1
2012_q36,0,llama3:8b-instruct-q8_0,D,A,A,0,0.0,0.0,0.0,1.0,0,0,0,25,25,"At home, John unintentionally detects his neighbour's WiFi network without any security measures. He can fully control the wireless router. What should he do?",0,D,0
2012_q36,1,llama3:8b-instruct-q8_0,C,D,A,0,0.0,0.0,1.0,0.0,0,0,25,0,25,"At home, John unintentionally detects his neighbour's WiFi network without any security measures. He can fully control the wireless router. What should he do?",0,C,0
2012_q36,2,llama3:8b-instruct-q8_0,B,C,A,0,0.0,1.0,0.0,0.0,0,25,0,0,25,"At home, John unintentionally detects his neighbour's WiFi network without any security measures. He can fully control the wireless router. What should he do?",0,B,0
2012_q36,3,llama3:8b-instruct-q8_0,A,B,A,0,1.0,0.0,0.0,0.0,25,0,0,0,25,"At home, John unintentionally detects his neighbour's WiFi network without any security measures. He can fully control the wireless router. What should he do?",0,A,0
2012_q37,0,llama3:8b-instruct-q8_0,D,D,D,1,0.0,0.0,0.0,1.0,0,0,0,25,25,Some teenagers in Hong Kong are addicted to playing online games. Which of the following behaviours are common in this group of teenagers? (1) They prefer playing online games to joining face-to-face social activities. (2) They play online games as a way of escaping from daily life problems. (3) They feel irritable when being stopped from using computers.,1,D,1
2012_q37,1,llama3:8b-instruct-q8_0,C,C,D,1,0.0,0.0,0.52,0.48,0,0,13,12,25,Some teenagers in Hong Kong are addicted to playing online games. Which of the following behaviours are common in this group of teenagers? (1) They prefer playing online games to joining face-to-face social activities. (2) They play online games as a way of escaping from daily life problems. (3) They feel irritable when being stopped from using computers.,1,C,1
2012_q37,2,llama3:8b-instruct-q8_0,B,B,D,1,0.0,1.0,0.0,0.0,0,25,0,0,25,Some teenagers in Hong Kong are addicted to playing online games. Which of the following behaviours are common in this group of teenagers? (1) They prefer playing online games to joining face-to-face social activities. (2) They play online games as a way of escaping from daily life problems. (3) They feel irritable when being stopped from using computers.,1,B,1
2012_q37,3,llama3:8b-instruct-q8_0,A,A,D,1,1.0,0.0,0.0,0.0,25,0,0,0,25,Some teenagers in Hong Kong are addicted to playing online games. Which of the following behaviours are common in this group of teenagers? (1) They prefer playing online games to joining face-to-face social activities. (2) They play online games as a way of escaping from daily life problems. (3) They feel irritable when being stopped from using computers.,1,A,1
2012_q38,0,llama3:8b-instruct-q8_0,A,A,A,1,1.0,0.0,0.0,0.0,25,0,0,0,25,"When a virus is spread through a Bluetooth connection, which of the following applications installed on a notebook computer can prevent the infection? (1) Firewall (2) Email client program (3) Browser",1,A,1
2012_q38,1,llama3:8b-instruct-q8_0,D,D,A,1,0.08,0.0,0.0,0.92,2,0,0,23,25,"When a virus is spread through a Bluetooth connection, which of the following applications installed on a notebook computer can prevent the infection? (1) Firewall (2) Email client program (3) Browser",1,D,1
2012_q38,2,llama3:8b-instruct-q8_0,A,C,A,0,0.52,0.0,0.48,0.0,13,0,12,0,25,"When a virus is spread through a Bluetooth connection, which of the following applications installed on a notebook computer can prevent the infection? (1) Firewall (2) Email client program (3) Browser",0,C,1
2012_q38,3,llama3:8b-instruct-q8_0,B,B,A,1,0.0,1.0,0.0,0.0,0,25,0,0,25,"When a virus is spread through a Bluetooth connection, which of the following applications installed on a notebook computer can prevent the infection? (1) Firewall (2) Email client program (3) Browser",1,B,1
2013_q1,0,llama3:8b-instruct-q8_0,B,B,B,1,0.0,1.0,0.0,0.0,0,25,0,0,25,"In a DBMS, a database designer designs a form for a clerk to use to enter data. Why does he choose to design a form?",1,B,1
2013_q1,1,llama3:8b-instruct-q8_0,A,A,B,1,1.0,0.0,0.0,0.0,25,0,0,0,25,"In a DBMS, a database designer designs a form for a clerk to use to enter data. Why does he choose to design a form?",1,A,1
2013_q1,2,llama3:8b-instruct-q8_0,D,D,B,1,0.0,0.0,0.0,1.0,0,0,0,25,25,"In a DBMS, a database designer designs a form for a clerk to use to enter data. Why does he choose to design a form?",1,D,1
2013_q1,3,llama3:8b-instruct-q8_0,C,C,B,1,0.0,0.0,1.0,0.0,0,0,25,0,25,"In a DBMS, a database designer designs a form for a clerk to use to enter data. Why does he choose to design a form?",1,C,1
2013_q3,0,llama3:8b-instruct-q8_0,D,D,D,1,0.0,0.0,0.0,1.0,0,0,0,25,25,"In data processing, a clerk in a school types in the examination marks of students from a mark sheet into a computer system. Then he prints out the marks. What should he do next?",1,D,1
2013_q3,1,llama3:8b-instruct-q8_0,C,C,D,1,0.0,0.0,1.0,0.0,0,0,25,0,25,"In data processing, a clerk in a school types in the examination marks of students from a mark sheet into a computer system. Then he prints out the marks. What should he do next?",1,C,1
2013_q3,2,llama3:8b-instruct-q8_0,B,B,D,1,0.0,1.0,0.0,0.0,0,25,0,0,25,"In data processing, a clerk in a school types in the examination marks of students from a mark sheet into a computer system. Then he prints out the marks. What should he do next?",1,B,1
2013_q3,3,llama3:8b-instruct-q8_0,A,A,D,1,1.0,0.0,0.0,0.0,25,0,0,0,25,"In data processing, a clerk in a school types in the examination marks of students from a mark sheet into a computer system. Then he prints out the marks. What should he do next?",1,A,1
2013_q4,0,llama3:8b-instruct-q8_0,D,A,A,0,0.0,0.0,0.0,1.0,0,0,0,25,25,"Mary uses a utility program to group the following 100 document files and combine them into a file named ALL.ZIP, and sends an email with this file. Why does she do this?",0,D,0
2013_q4,1,llama3:8b-instruct-q8_0,C,D,A,0,0.0,0.0,0.56,0.44,0,0,14,11,25,"Mary uses a utility program to group the following 100 document files and combine them into a file named ALL.ZIP, and sends an email with this file. Why does she do this?",0,C,0
2013_q4,2,llama3:8b-instruct-q8_0,C,C,A,1,0.0,0.0,1.0,0.0,0,0,25,0,25,"Mary uses a utility program to group the following 100 document files and combine them into a file named ALL.ZIP, and sends an email with this file. Why does she do this?",1,C,1
2013_q4,3,llama3:8b-instruct-q8_0,B,B,A,1,0.0,1.0,0.0,0.0,0,25,0,0,25,"Mary uses a utility program to group the following 100 document files and combine them into a file named ALL.ZIP, and sends an email with this file. Why does she do this?",1,B,1
2013_q5,0,llama3:8b-instruct-q8_0,C,C,C,1,0.0,0.0,1.0,0.0,0,0,25,0,25,"Arthur inserts a video clip in a presentation file and sends an email with the file to Betty. When Betty opens the file, there is only text and the video is missing. Why?",1,C,1
2013_q5,1,llama3:8b-instruct-q8_0,B,B,C,1,0.0,1.0,0.0,0.0,0,25,0,0,25,"Arthur inserts a video clip in a presentation file and sends an email with the file to Betty. When Betty opens the file, there is only text and the video is missing. Why?",1,B,1
2013_q5,2,llama3:8b-instruct-q8_0,A,A,C,1,1.0,0.0,0.0,0.0,25,0,0,0,25,"Arthur inserts a video clip in a presentation file and sends an email with the file to Betty. When Betty opens the file, there is only text and the video is missing. Why?",1,A,1
2013_q5,3,llama3:8b-instruct-q8_0,D,D,C,1,0.0,0.0,0.0,1.0,0,0,0,25,25,"Arthur inserts a video clip in a presentation file and sends an email with the file to Betty. When Betty opens the file, there is only text and the video is missing. Why?",1,D,1
2013_q6,0,llama3:8b-instruct-q8_0,D,D,D,1,0.0,0.0,0.0,1.0,0,0,0,25,25,A combination lock consists of 5 separate switches. Each switch can be set to either the 'ON' or 'OFF' state. The lock can only be unlocked when all 5 switches are set to the correct switch states. How many different combinations of switch states does this lock have?,1,D,1
2013_q6,1,llama3:8b-instruct-q8_0,D,C,D,0,0.0,0.4,0.12,0.48,0,10,3,12,25,A combination lock consists of 5 separate switches. Each switch can be set to either the 'ON' or 'OFF' state. The lock can only be unlocked when all 5 switches are set to the correct switch states. How many different combinations of switch states does this lock have?,0,D,0
2013_q6,2,llama3:8b-instruct-q8_0,A,B,D,0,0.64,0.36,0.0,0.0,16,9,0,0,25,A combination lock consists of 5 separate switches. Each switch can be set to either the 'ON' or 'OFF' state. The lock can only be unlocked when all 5 switches are set to the correct switch states. How many different combinations of switch states does this lock have?,0,A,0
2013_q6,3,llama3:8b-instruct-q8_0,D,A,D,0,0.0,0.0,0.0,1.0,0,0,0,25,25,A combination lock consists of 5 separate switches. Each switch can be set to either the 'ON' or 'OFF' state. The lock can only be unlocked when all 5 switches are set to the correct switch states. How many different combinations of switch states does this lock have?,0,D,0
2013_q8,0,llama3:8b-instruct-q8_0,A,A,A,1,1.0,0.0,0.0,0.0,25,0,0,0,25,Which operations are performed by the following SQL command? SELECT * FROM EXAM WHERE CLASS='1A' ORDER BY SCORE DESC. (1) Sorting (2) Counting (3) Filtering (4) Updating,1,A,1
2013_q8,1,llama3:8b-instruct-q8_0,D,D,A,1,0.0,0.0,0.0,1.0,0,0,0,25,25,Which operations are performed by the following SQL command? SELECT * FROM EXAM WHERE CLASS='1A' ORDER BY SCORE DESC. (1) Sorting (2) Counting (3) Filtering (4) Updating,1,D,1
2013_q8,2,llama3:8b-instruct-q8_0,C,C,A,1,0.0,0.0,1.0,0.0,0,0,25,0,25,Which operations are performed by the following SQL command? SELECT * FROM EXAM WHERE CLASS='1A' ORDER BY SCORE DESC. (1) Sorting (2) Counting (3) Filtering (4) Updating,1,C,1
2013_q8,3,llama3:8b-instruct-q8_0,B,B,A,1,0.0,1.0,0.0,0.0,0,25,0,0,25,Which operations are performed by the following SQL command? SELECT * FROM EXAM WHERE CLASS='1A' ORDER BY SCORE DESC. (1) Sorting (2) Counting (3) Filtering (4) Updating,1,B,1
2013_q11,0,llama3:8b-instruct-q8_0,A,A,A,1,0.48,0.32,0.0,0.2,12,8,0,5,25,"With 8-bit two's complement representation, which of the following operations can produce an overflow error? (1) Addition of two positive integers and Addition of two negative integers (2) Addition of two negative integers (3) Addition of a positive integer and negative integer",1,A,1
2013_q11,1,llama3:8b-instruct-q8_0,A,D,A,0,0.56,0.0,0.0,0.44,14,0,0,11,25,"With 8-bit two's complement representation, which of the following operations can produce an overflow error? (1) Addition of two positive integers and Addition of two negative integers (2) Addition of two negative integers (3) Addition of a positive integer and negative integer",0,D,1
2013_q11,2,llama3:8b-instruct-q8_0,D,C,A,0,0.04,0.48,0.0,0.48,1,12,0,12,25,"With 8-bit two's complement representation, which of the following operations can produce an overflow error? (1) Addition of two positive integers and Addition of two negative integers (2) Addition of two negative integers (3) Addition of a positive integer and negative integer",0,D,0
2013_q11,3,llama3:8b-instruct-q8_0,C,B,A,0,0.32,0.32,0.36,0.0,8,8,9,0,25,"With 8-bit two's complement representation, which of the following operations can produce an overflow error? (1) Addition of two positive integers and Addition of two negative integers (2) Addition of two negative integers (3) Addition of a positive integer and negative integer",0,C,0
2013_q12,0,llama3:8b-instruct-q8_0,D,C,C,0,0.0,0.0,0.0,1.0,0,0,0,25,25,"When editing page numbers and hyperlinks in a document, which of the following statements is correct?",0,D,0
2013_q12,1,llama3:8b-instruct-q8_0,C,B,C,0,0.0,0.0,1.0,0.0,0,0,25,0,25,"When editing page numbers and hyperlinks in a document, which of the following statements is correct?",0,C,0
2013_q12,2,llama3:8b-instruct-q8_0,B,A,C,0,0.0,1.0,0.0,0.0,0,25,0,0,25,"When editing page numbers and hyperlinks in a document, which of the following statements is correct?",0,B,0
2013_q12,3,llama3:8b-instruct-q8_0,A,D,C,0,1.0,0.0,0.0,0.0,25,0,0,0,25,"When editing page numbers and hyperlinks in a document, which of the following statements is correct?",0,A,0
2013_q13,0,llama3:8b-instruct-q8_0,A,A,A,1,1.0,0.0,0.0,0.0,25,0,0,0,25,Which of the following features in presentation software can control the transition of slides? (1) Action button (2) Hyperlink (3) Slide layout,1,A,1
2013_q13,1,llama3:8b-instruct-q8_0,D,D,A,1,0.44,0.0,0.0,0.56,11,0,0,14,25,Which of the following features in presentation software can control the transition of slides? (1) Action button (2) Hyperlink (3) Slide layout,1,D,1
2013_q13,2,llama3:8b-instruct-q8_0,C,C,A,1,0.4,0.0,0.6,0.0,10,0,15,0,25,Which of the following features in presentation software can control the transition of slides? (1) Action button (2) Hyperlink (3) Slide layout,1,C,1
2013_q13,3,llama3:8b-instruct-q8_0,B,B,A,1,0.08,0.92,0.0,0.0,2,23,0,0,25,Which of the following features in presentation software can control the transition of slides? (1) Action button (2) Hyperlink (3) Slide layout,1,B,1
2013_q15,0,llama3:8b-instruct-q8_0,B,B,B,1,0.0,0.64,0.0,0.36,0,16,0,9,25,Ms Wong works in a publishing company and has to create the following three documents. (1) payment receipt (2) electronic book (3) template of a sales report. For which document(s) should she adopt the PDF format instead of the DOC format?,1,B,1
2013_q15,1,llama3:8b-instruct-q8_0,A,A,B,1,0.6,0.0,0.4,0.0,15,0,10,0,25,Ms Wong works in a publishing company and has to create the following three documents. (1) payment receipt (2) electronic book (3) template of a sales report. For which document(s) should she adopt the PDF format instead of the DOC format?,1,A,1
2013_q15,2,llama3:8b-instruct-q8_0,D,D,B,1,0.0,0.32,0.0,0.68,0,8,0,17,25,Ms Wong works in a publishing company and has to create the following three documents. (1) payment receipt (2) electronic book (3) template of a sales report. For which document(s) should she adopt the PDF format instead of the DOC format?,1,D,1
2013_q15,3,llama3:8b-instruct-q8_0,C,C,B,1,0.4,0.0,0.6,0.0,10,0,15,0,25,Ms Wong works in a publishing company and has to create the following three documents. (1) payment receipt (2) electronic book (3) template of a sales report. For which document(s) should she adopt the PDF format instead of the DOC format?,1,C,1
2013_q18,0,llama3:8b-instruct-q8_0,B,D,D,0,0.0,1.0,0.0,0.0,0,25,0,0,25,Peter upgrades his desktop computer with a touch screen. Why?,0,B,0
2013_q18,1,llama3:8b-instruct-q8_0,A,C,D,0,1.0,0.0,0.0,0.0,25,0,0,0,25,Peter upgrades his desktop computer with a touch screen. Why?,0,A,0
2013_q18,2,llama3:8b-instruct-q8_0,D,B,D,0,0.0,0.0,0.0,1.0,0,0,0,25,25,Peter upgrades his desktop computer with a touch screen. Why?,0,D,0
2013_q18,3,llama3:8b-instruct-q8_0,C,A,D,0,0.0,0.0,1.0,0.0,0,0,25,0,25,Peter upgrades his desktop computer with a touch screen. Why?,0,C,0
2013_q19,0,llama3:8b-instruct-q8_0,C,A,A,0,0.0,0.48,0.52,0.0,0,12,13,0,25,A supermarket uses thermal printers instead of dot-matrix printers to print receipts. What are the major reasons for using thermal printers? (1) Less printing noise (2) Shorter printing time (3) More durable receipts,0,C,0
2013_q19,1,llama3:8b-instruct-q8_0,B,D,A,0,0.32,0.56,0.12,0.0,8,14,3,0,25,A supermarket uses thermal printers instead of dot-matrix printers to print receipts. What are the major reasons for using thermal printers? (1) Less printing noise (2) Shorter printing time (3) More durable receipts,0,B,0
2013_q19,2,llama3:8b-instruct-q8_0,B,C,A,0,0.36,0.6,0.0,0.04,9,15,0,1,25,A supermarket uses thermal printers instead of dot-matrix printers to print receipts. What are the major reasons for using thermal printers? (1) Less printing noise (2) Shorter printing time (3) More durable receipts,0,B,0
2013_q19,3,llama3:8b-instruct-q8_0,B,B,A,1,0.28,0.32,0.12,0.28,7,8,3,7,25,A supermarket uses thermal printers instead of dot-matrix printers to print receipts. What are the major reasons for using thermal printers? (1) Less printing noise (2) Shorter printing time (3) More durable receipts,1,B,1
2013_q21,0,llama3:8b-instruct-q8_0,B,B,B,1,0.0,1.0,0.0,0.0,0,25,0,0,25,The 64-bit version of an operating system is better than the 32-bit version because,1,B,1
2013_q21,1,llama3:8b-instruct-q8_0,A,A,B,1,1.0,0.0,0.0,0.0,25,0,0,0,25,The 64-bit version of an operating system is better than the 32-bit version because,1,A,1
2013_q21,2,llama3:8b-instruct-q8_0,D,D,B,1,0.0,0.0,0.0,1.0,0,0,0,25,25,The 64-bit version of an operating system is better than the 32-bit version because,1,D,1
2013_q21,3,llama3:8b-instruct-q8_0,C,C,B,1,0.0,0.0,1.0,0.0,0,0,25,0,25,The 64-bit version of an operating system is better than the 32-bit version because,1,C,1
2013_q22,0,llama3:8b-instruct-q8_0,C,C,C,1,0.0,0.4,0.6,0.0,0,10,15,0,25,"In an instruction fetch cycle, which of the following registers are involved? (1) Accumulator (2) Memory Data Register (MDR) (3) Memory Address Register (MAR)",1,C,1
2013_q22,1,llama3:8b-instruct-q8_0,A,B,C,0,0.4,0.28,0.0,0.32,10,7,0,8,25,"In an instruction fetch cycle, which of the following registers are involved? (1) Accumulator (2) Memory Data Register (MDR) (3) Memory Address Register (MAR)",0,D,0
2013_q22,2,llama3:8b-instruct-q8_0,D,A,C,0,0.2,0.0,0.0,0.8,5,0,0,20,25,"In an instruction fetch cycle, which of the following registers are involved? (1) Accumulator (2) Memory Data Register (MDR) (3) Memory Address Register (MAR)",0,D,0
2013_q22,3,llama3:8b-instruct-q8_0,C,D,C,0,0.0,0.12,0.48,0.4,0,3,12,10,25,"In an instruction fetch cycle, which of the following registers are involved? (1) Accumulator (2) Memory Data Register (MDR) (3) Memory Address Register (MAR)",0,C,0
2013_q23,0,llama3:8b-instruct-q8_0,C,A,A,0,0.0,0.0,1.0,0.0,0,0,25,0,25,"A charity organisation wants to donate laptop computers to the children in developing countries for elearning. With a limited budget, only one item in the original specifications can be upgraded. Which of these is the most appropriate?",0,C,0
2013_q23,1,llama3:8b-instruct-q8_0,B,D,A,0,0.24,0.76,0.0,0.0,6,19,0,0,25,"A charity organisation wants to donate laptop computers to the children in developing countries for elearning. With a limited budget, only one item in the original specifications can be upgraded. Which of these is the most appropriate?",0,B,0
2013_q23,2,llama3:8b-instruct-q8_0,D,C,A,0,0.44,0.0,0.0,0.56,11,0,0,14,25,"A charity organisation wants to donate laptop computers to the children in developing countries for elearning. With a limited budget, only one item in the original specifications can be upgraded. Which of these is the most appropriate?",0,D,0
2013_q23,3,llama3:8b-instruct-q8_0,D,B,A,0,0.0,0.0,0.0,1.0,0,0,0,25,25,"A charity organisation wants to donate laptop computers to the children in developing countries for elearning. With a limited budget, only one item in the original specifications can be upgraded. Which of these is the most appropriate?",0,D,0
2013_q24,0,llama3:8b-instruct-q8_0,A,D,D,0,0.92,0.0,0.0,0.08,23,0,0,2,25,A search engine can automatically return the search results related to the country in which the computer is located. Which of the following discloses this location information?,0,A,0
2013_q24,1,llama3:8b-instruct-q8_0,C,C,D,1,0.0,0.0,1.0,0.0,0,0,25,0,25,A search engine can automatically return the search results related to the country in which the computer is located. Which of the following discloses this location information?,1,C,1
2013_q24,2,llama3:8b-instruct-q8_0,B,B,D,1,0.0,1.0,0.0,0.0,0,25,0,0,25,A search engine can automatically return the search results related to the country in which the computer is located. Which of the following discloses this location information?,1,B,1
2013_q24,3,llama3:8b-instruct-q8_0,A,A,D,1,1.0,0.0,0.0,0.0,25,0,0,0,25,A search engine can automatically return the search results related to the country in which the computer is located. Which of the following discloses this location information?,1,A,1
2013_q26,0,llama3:8b-instruct-q8_0,C,C,C,1,0.0,0.0,1.0,0.0,0,0,25,0,25,A company develops an internal email system. It adopts HTML format instead of plain text for the email because,1,C,1
2013_q26,1,llama3:8b-instruct-q8_0,B,B,C,1,0.0,1.0,0.0,0.0,0,25,0,0,25,A company develops an internal email system. It adopts HTML format instead of plain text for the email because,1,B,1
2013_q26,2,llama3:8b-instruct-q8_0,A,A,C,1,1.0,0.0,0.0,0.0,25,0,0,0,25,A company develops an internal email system. It adopts HTML format instead of plain text for the email because,1,A,1
2013_q26,3,llama3:8b-instruct-q8_0,D,D,C,1,0.0,0.0,0.0,1.0,0,0,0,25,25,A company develops an internal email system. It adopts HTML format instead of plain text for the email because,1,D,1
2013_q29,0,llama3:8b-instruct-q8_0,B,A,A,0,0.0,0.64,0.0,0.36,0,16,0,9,25,Which of the following is a function of a switch? (1) Connects computers to form a LAN. (2) Controls the network traffic in a network. (3) Joins two networks. (4) Connects a LAN to the Internet,0,B,0
2013_q29,1,llama3:8b-instruct-q8_0,B,D,A,0,0.0,0.52,0.48,0.0,0,13,12,0,25,Which of the following is a function of a switch? (1) Connects computers to form a LAN. (2) Controls the network traffic in a network. (3) Joins two networks. (4) Connects a LAN to the Internet,0,C,0
2013_q29,2,llama3:8b-instruct-q8_0,B,C,A,0,0.0,0.64,0.0,0.36,0,16,0,9,25,Which of the following is a function of a switch? (1) Connects computers to form a LAN. (2) Controls the network traffic in a network. (3) Joins two networks. (4) Connects a LAN to the Internet,0,B,0
2013_q29,3,llama3:8b-instruct-q8_0,A,B,A,0,0.8,0.0,0.2,0.0,20,0,5,0,25,Which of the following is a function of a switch? (1) Connects computers to form a LAN. (2) Controls the network traffic in a network. (3) Joins two networks. (4) Connects a LAN to the Internet,0,A,0
2013_q33,0,llama3:8b-instruct-q8_0,B,B,B,1,0.2,0.8,0.0,0.0,5,20,0,0,25,What is the major advantage of using an array in algorithm design?,1,B,1
2013_q33,1,llama3:8b-instruct-q8_0,D,A,B,0,0.48,0.0,0.0,0.52,12,0,0,13,25,What is the major advantage of using an array in algorithm design?,0,D,0
2013_q33,2,llama3:8b-instruct-q8_0,D,D,B,1,0.0,0.0,0.44,0.56,0,0,11,14,25,What is the major advantage of using an array in algorithm design?,1,D,1
2013_q33,3,llama3:8b-instruct-q8_0,B,C,B,0,0.0,1.0,0.0,0.0,0,25,0,0,25,What is the major advantage of using an array in algorithm design?,0,B,0
2013_q34,0,llama3:8b-instruct-q8_0,C,C,C,1,0.0,0.0,1.0,0.0,0,0,25,0,25,Which of the following statements about open source software is correct?,1,C,1
2013_q34,1,llama3:8b-instruct-q8_0,B,B,C,1,0.0,1.0,0.0,0.0,0,25,0,0,25,Which of the following statements about open source software is correct?,1,B,1
2013_q34,2,llama3:8b-instruct-q8_0,A,A,C,1,1.0,0.0,0.0,0.0,25,0,0,0,25,Which of the following statements about open source software is correct?,1,A,1
2013_q34,3,llama3:8b-instruct-q8_0,D,D,C,1,0.0,0.0,0.0,1.0,0,0,0,25,25,Which of the following statements about open source software is correct?,1,D,1
2013_q37,0,llama3:8b-instruct-q8_0,A,A,A,1,0.96,0.04,0.0,0.0,24,1,0,0,25,Which of the following can reduce the threats from using social networking web sites? (1) Block or ignore people that you do not know or trust. (2) Use default privacy settings to restrict access. (3) Only disclose the name and address in the account.,1,A,1
2013_q37,1,llama3:8b-instruct-q8_0,D,D,A,1,0.0,0.0,0.0,1.0,0,0,0,25,25,Which of the following can reduce the threats from using social networking web sites? (1) Block or ignore people that you do not know or trust. (2) Use default privacy settings to restrict access. (3) Only disclose the name and address in the account.,1,D,1
2013_q37,2,llama3:8b-instruct-q8_0,D,C,A,0,0.0,0.0,0.0,1.0,0,0,0,25,25,Which of the following can reduce the threats from using social networking web sites? (1) Block or ignore people that you do not know or trust. (2) Use default privacy settings to restrict access. (3) Only disclose the name and address in the account.,0,D,0
2013_q37,3,llama3:8b-instruct-q8_0,A,B,A,0,0.52,0.48,0.0,0.0,13,12,0,0,25,Which of the following can reduce the threats from using social networking web sites? (1) Block or ignore people that you do not know or trust. (2) Use default privacy settings to restrict access. (3) Only disclose the name and address in the account.,0,B,1
2013_q38,0,llama3:8b-instruct-q8_0,B,B,B,1,0.0,1.0,0.0,0.0,0,25,0,0,25,"In a company, all URLs browsed through the office computers are recorded by a proxy server. Which of the following statements is correct?",1,B,1
2013_q38,1,llama3:8b-instruct-q8_0,A,A,B,1,1.0,0.0,0.0,0.0,25,0,0,0,25,"In a company, all URLs browsed through the office computers are recorded by a proxy server. Which of the following statements is correct?",1,A,1
2013_q38,2,llama3:8b-instruct-q8_0,D,D,B,1,0.36,0.0,0.0,0.64,9,0,0,16,25,"In a company, all URLs browsed through the office computers are recorded by a proxy server. Which of the following statements is correct?",1,D,1
2013_q38,3,llama3:8b-instruct-q8_0,C,C,B,1,0.0,0.0,1.0,0.0,0,0,25,0,25,"In a company, all URLs browsed through the office computers are recorded by a proxy server. Which of the following statements is correct?",1,C,1
2013_q39,0,llama3:8b-instruct-q8_0,A,A,A,1,1.0,0.0,0.0,0.0,25,0,0,0,25,"For the sake of their health, users should take a rest after every hour of computer use. A software company wants to improve its word processing software to include this ergonomic feature. When a user uses the software for an hour, the software should (1) display an alert message on the screen. (2) send an alert email to the user. (3) shut down the computer automatically.",1,A,1
2013_q39,1,llama3:8b-instruct-q8_0,D,D,A,1,0.0,0.0,0.0,1.0,0,0,0,25,25,"For the sake of their health, users should take a rest after every hour of computer use. A software company wants to improve its word processing software to include this ergonomic feature. When a user uses the software for an hour, the software should (1) display an alert message on the screen. (2) send an alert email to the user. (3) shut down the computer automatically.",1,D,1
2013_q39,2,llama3:8b-instruct-q8_0,C,C,A,1,0.24,0.0,0.76,0.0,6,0,19,0,25,"For the sake of their health, users should take a rest after every hour of computer use. A software company wants to improve its word processing software to include this ergonomic feature. When a user uses the software for an hour, the software should (1) display an alert message on the screen. (2) send an alert email to the user. (3) shut down the computer automatically.",1,C,1
2013_q39,3,llama3:8b-instruct-q8_0,B,B,A,1,0.4,0.6,0.0,0.0,10,15,0,0,25,"For the sake of their health, users should take a rest after every hour of computer use. A software company wants to improve its word processing software to include this ergonomic feature. When a user uses the software for an hour, the software should (1) display an alert message on the screen. (2) send an alert email to the user. (3) shut down the computer automatically.",1,B,1
2013_q40,0,llama3:8b-instruct-q8_0,D,D,D,1,0.0,0.0,0.0,1.0,0,0,0,25,25,Peter uses peer-to-peer file sharing software to download a commercial application program. His friends advise him not to install it. Why? (1) His action will create a digital divide. (2) The application program may be spyware. (3) He may infringe copyright law.,1,D,1
2013_q40,1,llama3:8b-instruct-q8_0,C,C,D,1,0.0,0.0,1.0,0.0,0,0,25,0,25,Peter uses peer-to-peer file sharing software to download a commercial application program. His friends advise him not to install it. Why? (1) His action will create a digital divide. (2) The application program may be spyware. (3) He may infringe copyright law.,1,C,1
2013_q40,2,llama3:8b-instruct-q8_0,B,B,D,1,0.0,1.0,0.0,0.0,0,25,0,0,25,Peter uses peer-to-peer file sharing software to download a commercial application program. His friends advise him not to install it. Why? (1) His action will create a digital divide. (2) The application program may be spyware. (3) He may infringe copyright law.,1,B,1
2013_q40,3,llama3:8b-instruct-q8_0,C,A,D,0,0.0,0.0,1.0,0.0,0,0,25,0,25,Peter uses peer-to-peer file sharing software to download a commercial application program. His friends advise him not to install it. Why? (1) His action will create a digital divide. (2) The application program may be spyware. (3) He may infringe copyright law.,0,C,0
2014_q1,0,llama3:8b-instruct-q8_0,B,C,C,0,0.28,0.28,0.24,0.2,7,7,6,5,25,Which of the following activities involve(s) the conversion of analog to digital data or vice versa? (1) Talking to a friend on a mobile phone (2) Listening to a radio programme over the Internet (3) Copying a file from a DVD-R to a hard disk,0,B,0
2014_q1,1,llama3:8b-instruct-q8_0,A,B,C,0,0.36,0.28,0.0,0.36,9,7,0,9,25,Which of the following activities involve(s) the conversion of analog to digital data or vice versa? (1) Talking to a friend on a mobile phone (2) Listening to a radio programme over the Internet (3) Copying a file from a DVD-R to a hard disk,0,D,0
2014_q1,2,llama3:8b-instruct-q8_0,B,A,C,0,0.28,0.32,0.32,0.08,7,8,8,2,25,Which of the following activities involve(s) the conversion of analog to digital data or vice versa? (1) Talking to a friend on a mobile phone (2) Listening to a radio programme over the Internet (3) Copying a file from a DVD-R to a hard disk,0,C,0
2014_q1,3,llama3:8b-instruct-q8_0,A,D,C,0,0.4,0.0,0.4,0.2,10,0,10,5,25,Which of the following activities involve(s) the conversion of analog to digital data or vice versa? (1) Talking to a friend on a mobile phone (2) Listening to a radio programme over the Internet (3) Copying a file from a DVD-R to a hard disk,0,C,0
2014_q2,0,llama3:8b-instruct-q8_0,C,C,C,1,0.0,0.0,1.0,0.0,0,0,25,0,25,A computer system uses the Hong Kong identity card (HKID) number as a key field for managing accounts. Its check digit is used to detect input errors made by users. Which of the following input errors can usually be found by the check digit? (1) Use another person's HKID number. (2) Swap two digits in the HKID number. (3) Input a wrong digit in the HKID number.,1,C,1
2014_q2,1,llama3:8b-instruct-q8_0,B,B,C,1,0.0,1.0,0.0,0.0,0,25,0,0,25,A computer system uses the Hong Kong identity card (HKID) number as a key field for managing accounts. Its check digit is used to detect input errors made by users. Which of the following input errors can usually be found by the check digit? (1) Use another person's HKID number. (2) Swap two digits in the HKID number. (3) Input a wrong digit in the HKID number.,1,B,1
2014_q2,2,llama3:8b-instruct-q8_0,A,A,C,1,0.8,0.0,0.2,0.0,20,0,5,0,25,A computer system uses the Hong Kong identity card (HKID) number as a key field for managing accounts. Its check digit is used to detect input errors made by users. Which of the following input errors can usually be found by the check digit? (1) Use another person's HKID number. (2) Swap two digits in the HKID number. (3) Input a wrong digit in the HKID number.,1,A,1
2014_q2,3,llama3:8b-instruct-q8_0,D,D,C,1,0.0,0.0,0.0,1.0,0,0,0,25,25,A computer system uses the Hong Kong identity card (HKID) number as a key field for managing accounts. Its check digit is used to detect input errors made by users. Which of the following input errors can usually be found by the check digit? (1) Use another person's HKID number. (2) Swap two digits in the HKID number. (3) Input a wrong digit in the HKID number.,1,D,1
2014_q3,0,llama3:8b-instruct-q8_0,C,A,A,0,0.0,0.0,0.52,0.48,0,0,13,12,25,Increment the following numbers using 8-bit two's complement representation by 1. Which one will create an overflow error?,0,C,0
2014_q3,1,llama3:8b-instruct-q8_0,C,D,A,0,0.0,0.0,1.0,0.0,0,0,25,0,25,Increment the following numbers using 8-bit two's complement representation by 1. Which one will create an overflow error?,0,C,0
2014_q3,2,llama3:8b-instruct-q8_0,B,C,A,0,0.0,1.0,0.0,0.0,0,25,0,0,25,Increment the following numbers using 8-bit two's complement representation by 1. Which one will create an overflow error?,0,B,0
2014_q3,3,llama3:8b-instruct-q8_0,A,B,A,0,0.52,0.0,0.0,0.48,13,0,0,12,25,Increment the following numbers using 8-bit two's complement representation by 1. Which one will create an overflow error?,0,D,0
2014_q4,0,llama3:8b-instruct-q8_0,B,B,B,1,0.44,0.56,0.0,0.0,11,14,0,0,25,"In a computer system, 10 bits are reserved for user identity codes and 54 bits are reserved for alias names. What is the maximum number of user accounts in the system?",1,B,1
2014_q4,1,llama3:8b-instruct-q8_0,B,A,B,0,0.44,0.56,0.0,0.0,11,14,0,0,25,"In a computer system, 10 bits are reserved for user identity codes and 54 bits are reserved for alias names. What is the maximum number of user accounts in the system?",0,B,0
2014_q4,2,llama3:8b-instruct-q8_0,A,D,B,0,0.64,0.0,0.36,0.0,16,0,9,0,25,"In a computer system, 10 bits are reserved for user identity codes and 54 bits are reserved for alias names. What is the maximum number of user accounts in the system?",0,A,0
2014_q4,3,llama3:8b-instruct-q8_0,D,C,B,0,0.0,0.48,0.0,0.52,0,12,0,13,25,"In a computer system, 10 bits are reserved for user identity codes and 54 bits are reserved for alias names. What is the maximum number of user accounts in the system?",0,D,0
2014_q5,0,llama3:8b-instruct-q8_0,D,D,D,1,0.0,0.0,0.0,1.0,0,0,0,25,25,Mr Lee wants to set up a cleaning service company to serve thousands of clients. He needs to process data about the service and create a monthly report for each client. Which software should he buy?,1,D,1
2014_q5,1,llama3:8b-instruct-q8_0,C,C,D,1,0.0,0.0,1.0,0.0,0,0,25,0,25,Mr Lee wants to set up a cleaning service company to serve thousands of clients. He needs to process data about the service and create a monthly report for each client. Which software should he buy?,1,C,1
2014_q5,2,llama3:8b-instruct-q8_0,D,B,D,0,0.0,0.0,0.0,1.0,0,0,0,25,25,Mr Lee wants to set up a cleaning service company to serve thousands of clients. He needs to process data about the service and create a monthly report for each client. Which software should he buy?,0,D,0
2014_q5,3,llama3:8b-instruct-q8_0,C,A,D,0,0.0,0.0,1.0,0.0,0,0,25,0,25,Mr Lee wants to set up a cleaning service company to serve thousands of clients. He needs to process data about the service and create a monthly report for each client. Which software should he buy?,0,C,0
2014_q8,0,llama3:8b-instruct-q8_0,A,A,A,1,0.64,0.36,0.0,0.0,16,9,0,0,25,"Only one record is retrieved after executing the following SQL command. Why? SELECT NAME, PHONE FROM EMPLOYEE (1) There is only one record in EMPLOYEE. (2) The content of NAME or PHONE in the remaining records is empty. (3) There may be some other fields in EMPLOYEE.",1,A,1
2014_q8,1,llama3:8b-instruct-q8_0,D,D,A,1,0.36,0.0,0.0,0.64,9,0,0,16,25,"Only one record is retrieved after executing the following SQL command. Why? SELECT NAME, PHONE FROM EMPLOYEE (1) There is only one record in EMPLOYEE. (2) The content of NAME or PHONE in the remaining records is empty. (3) There may be some other fields in EMPLOYEE.",1,D,1
2014_q8,2,llama3:8b-instruct-q8_0,C,C,A,1,0.2,0.0,0.52,0.28,5,0,13,7,25,"Only one record is retrieved after executing the following SQL command. Why? SELECT NAME, PHONE FROM EMPLOYEE (1) There is only one record in EMPLOYEE. (2) The content of NAME or PHONE in the remaining records is empty. (3) There may be some other fields in EMPLOYEE.",1,C,1
2014_q8,3,llama3:8b-instruct-q8_0,B,B,A,1,0.2,0.8,0.0,0.0,5,20,0,0,25,"Only one record is retrieved after executing the following SQL command. Why? SELECT NAME, PHONE FROM EMPLOYEE (1) There is only one record in EMPLOYEE. (2) The content of NAME or PHONE in the remaining records is empty. (3) There may be some other fields in EMPLOYEE.",1,B,1
2014_q10,0,llama3:8b-instruct-q8_0,B,B,B,1,0.0,0.88,0.0,0.12,0,22,0,3,25,John uses his notebook computer to create a web-based presentation through a web site. He does not use the pre-installed presentation software to do so. Why? (1) He can add more slides in the presentation. (2) He can edit the presentation in other computers without presentation software. (3) He can add video clips in the presentation.,1,B,1
2014_q10,1,llama3:8b-instruct-q8_0,C,A,B,0,0.2,0.28,0.52,0.0,5,7,13,0,25,John uses his notebook computer to create a web-based presentation through a web site. He does not use the pre-installed presentation software to do so. Why? (1) He can add more slides in the presentation. (2) He can edit the presentation in other computers without presentation software. (3) He can add video clips in the presentation.,0,C,0
2014_q10,2,llama3:8b-instruct-q8_0,B,D,B,0,0.0,0.52,0.0,0.48,0,13,0,12,25,John uses his notebook computer to create a web-based presentation through a web site. He does not use the pre-installed presentation software to do so. Why? (1) He can add more slides in the presentation. (2) He can edit the presentation in other computers without presentation software. (3) He can add video clips in the presentation.,0,D,1
2014_q10,3,llama3:8b-instruct-q8_0,C,C,B,1,0.0,0.0,1.0,0.0,0,0,25,0,25,John uses his notebook computer to create a web-based presentation through a web site. He does not use the pre-installed presentation software to do so. Why? (1) He can add more slides in the presentation. (2) He can edit the presentation in other computers without presentation software. (3) He can add video clips in the presentation.,1,C,1
2014_q11,0,llama3:8b-instruct-q8_0,A,A,A,1,1.0,0.0,0.0,0.0,25,0,0,0,25,"When creating a database table, what should be defined? (1) Data type (2) Field name (3) Number of records",1,A,1
2014_q11,1,llama3:8b-instruct-q8_0,D,D,A,1,0.0,0.0,0.0,1.0,0,0,0,25,25,"When creating a database table, what should be defined? (1) Data type (2) Field name (3) Number of records",1,D,1
2014_q11,2,llama3:8b-instruct-q8_0,C,C,A,1,0.0,0.0,1.0,0.0,0,0,25,0,25,"When creating a database table, what should be defined? (1) Data type (2) Field name (3) Number of records",1,C,1
2014_q11,3,llama3:8b-instruct-q8_0,B,B,A,1,0.0,1.0,0.0,0.0,0,25,0,0,25,"When creating a database table, what should be defined? (1) Data type (2) Field name (3) Number of records",1,B,1
2014_q12,0,llama3:8b-instruct-q8_0,B,B,B,1,0.0,1.0,0.0,0.0,0,25,0,0,25,Which of the following is/are the best practice when using online banking systems? (1) Create an uncommon login name. (2) Use a combination of letters and numbers for the passwords and change them regularly. (3) Avoid using wired network when wireless network is available.,1,B,1
2014_q12,1,llama3:8b-instruct-q8_0,A,A,B,1,1.0,0.0,0.0,0.0,25,0,0,0,25,Which of the following is/are the best practice when using online banking systems? (1) Create an uncommon login name. (2) Use a combination of letters and numbers for the passwords and change them regularly. (3) Avoid using wired network when wireless network is available.,1,A,1
2014_q12,2,llama3:8b-instruct-q8_0,B,D,B,0,0.0,1.0,0.0,0.0,0,25,0,0,25,Which of the following is/are the best practice when using online banking systems? (1) Create an uncommon login name. (2) Use a combination of letters and numbers for the passwords and change them regularly. (3) Avoid using wired network when wireless network is available.,0,B,0
2014_q12,3,llama3:8b-instruct-q8_0,A,C,B,0,1.0,0.0,0.0,0.0,25,0,0,0,25,Which of the following is/are the best practice when using online banking systems? (1) Create an uncommon login name. (2) Use a combination of letters and numbers for the passwords and change them regularly. (3) Avoid using wired network when wireless network is available.,0,A,0
2014_q14,0,llama3:8b-instruct-q8_0,A,A,A,1,1.0,0.0,0.0,0.0,25,0,0,0,25,The following QR code is printed on an advertisement so that readers can scan the code and browse product information online through smart phones. What information is encoded in the QR code?,1,A,1
2014_q14,1,llama3:8b-instruct-q8_0,D,D,A,1,0.0,0.0,0.0,1.0,0,0,0,25,25,The following QR code is printed on an advertisement so that readers can scan the code and browse product information online through smart phones. What information is encoded in the QR code?,1,D,1
2014_q14,2,llama3:8b-instruct-q8_0,C,C,A,1,0.0,0.0,1.0,0.0,0,0,25,0,25,The following QR code is printed on an advertisement so that readers can scan the code and browse product information online through smart phones. What information is encoded in the QR code?,1,C,1
2014_q14,3,llama3:8b-instruct-q8_0,B,B,A,1,0.0,1.0,0.0,0.0,0,25,0,0,25,The following QR code is printed on an advertisement so that readers can scan the code and browse product information online through smart phones. What information is encoded in the QR code?,1,B,1
2014_q15,0,llama3:8b-instruct-q8_0,C,C,C,1,0.0,0.0,1.0,0.0,0,0,25,0,25,"A WAV file, which is a common audio file, consists of a header. Which of the following items is stored in the header?",1,C,1
2014_q15,1,llama3:8b-instruct-q8_0,B,B,C,1,0.0,1.0,0.0,0.0,0,25,0,0,25,"A WAV file, which is a common audio file, consists of a header. Which of the following items is stored in the header?",1,B,1
2014_q15,2,llama3:8b-instruct-q8_0,A,A,C,1,1.0,0.0,0.0,0.0,25,0,0,0,25,"A WAV file, which is a common audio file, consists of a header. Which of the following items is stored in the header?",1,A,1
2014_q15,3,llama3:8b-instruct-q8_0,D,D,C,1,0.0,0.0,0.0,1.0,0,0,0,25,25,"A WAV file, which is a common audio file, consists of a header. Which of the following items is stored in the header?",1,D,1
2014_q17,0,llama3:8b-instruct-q8_0,C,C,C,1,0.0,0.0,1.0,0.0,0,0,25,0,25,A quad-core processor is generally better than a dual-core processor because,1,C,1
2014_q17,1,llama3:8b-instruct-q8_0,B,B,C,1,0.0,1.0,0.0,0.0,0,25,0,0,25,A quad-core processor is generally better than a dual-core processor because,1,B,1
2014_q17,2,llama3:8b-instruct-q8_0,A,A,C,1,1.0,0.0,0.0,0.0,25,0,0,0,25,A quad-core processor is generally better than a dual-core processor because,1,A,1
2014_q17,3,llama3:8b-instruct-q8_0,D,D,C,1,0.0,0.0,0.0,1.0,0,0,0,25,25,A quad-core processor is generally better than a dual-core processor because,1,D,1
2014_q18,0,llama3:8b-instruct-q8_0,D,D,D,1,0.0,0.0,0.0,1.0,0,0,0,25,25,Mary connects a new USB flash drive to a computer. She does not need to install a driver program for the flash drive. Why not?,1,D,1
2014_q18,1,llama3:8b-instruct-q8_0,C,C,D,1,0.0,0.0,1.0,0.0,0,0,25,0,25,Mary connects a new USB flash drive to a computer. She does not need to install a driver program for the flash drive. Why not?,1,C,1
2014_q18,2,llama3:8b-instruct-q8_0,B,B,D,1,0.0,1.0,0.0,0.0,0,25,0,0,25,Mary connects a new USB flash drive to a computer. She does not need to install a driver program for the flash drive. Why not?,1,B,1
2014_q18,3,llama3:8b-instruct-q8_0,A,A,D,1,1.0,0.0,0.0,0.0,25,0,0,0,25,Mary connects a new USB flash drive to a computer. She does not need to install a driver program for the flash drive. Why not?,1,A,1
2014_q22,0,llama3:8b-instruct-q8_0,D,D,D,1,0.0,0.0,0.0,1.0,0,0,0,25,25,"Joseph installs network-attached storage (NAS) in the office network that operates as a file server. If he installs more cache memory in the NAS, which of the following can be greatly improved?",1,D,1
2014_q22,1,llama3:8b-instruct-q8_0,C,C,D,1,0.0,0.0,1.0,0.0,0,0,25,0,25,"Joseph installs network-attached storage (NAS) in the office network that operates as a file server. If he installs more cache memory in the NAS, which of the following can be greatly improved?",1,C,1
2014_q22,2,llama3:8b-instruct-q8_0,B,B,D,1,0.0,1.0,0.0,0.0,0,25,0,0,25,"Joseph installs network-attached storage (NAS) in the office network that operates as a file server. If he installs more cache memory in the NAS, which of the following can be greatly improved?",1,B,1
2014_q22,3,llama3:8b-instruct-q8_0,A,A,D,1,1.0,0.0,0.0,0.0,25,0,0,0,25,"Joseph installs network-attached storage (NAS) in the office network that operates as a file server. If he installs more cache memory in the NAS, which of the following can be greatly improved?",1,A,1
2014_q23,0,llama3:8b-instruct-q8_0,B,B,B,1,0.0,1.0,0.0,0.0,0,25,0,0,25,"When browsing a web page, which of the following will be involved? (1) IP (2) URL (3) FTP",1,B,1
2014_q23,1,llama3:8b-instruct-q8_0,A,A,B,1,1.0,0.0,0.0,0.0,25,0,0,0,25,"When browsing a web page, which of the following will be involved? (1) IP (2) URL (3) FTP",1,A,1
2014_q23,2,llama3:8b-instruct-q8_0,D,D,B,1,0.0,0.0,0.0,1.0,0,0,0,25,25,"When browsing a web page, which of the following will be involved? (1) IP (2) URL (3) FTP",1,D,1
2014_q23,3,llama3:8b-instruct-q8_0,C,C,B,1,0.0,0.0,1.0,0.0,0,0,25,0,25,"When browsing a web page, which of the following will be involved? (1) IP (2) URL (3) FTP",1,C,1
2014_q25,0,llama3:8b-instruct-q8_0,D,D,D,1,0.0,0.0,0.0,1.0,0,0,0,25,25,Mary has a wireless network with Internet access at home. She finds that the file transfer rate between a notebook computer and a desktop computer through the network is very low. What is the possible reason for this?,1,D,1
2014_q25,1,llama3:8b-instruct-q8_0,C,C,D,1,0.0,0.0,1.0,0.0,0,0,25,0,25,Mary has a wireless network with Internet access at home. She finds that the file transfer rate between a notebook computer and a desktop computer through the network is very low. What is the possible reason for this?,1,C,1
2014_q25,2,llama3:8b-instruct-q8_0,B,B,D,1,0.0,1.0,0.0,0.0,0,25,0,0,25,Mary has a wireless network with Internet access at home. She finds that the file transfer rate between a notebook computer and a desktop computer through the network is very low. What is the possible reason for this?,1,B,1
2014_q25,3,llama3:8b-instruct-q8_0,A,A,D,1,1.0,0.0,0.0,0.0,25,0,0,0,25,Mary has a wireless network with Internet access at home. She finds that the file transfer rate between a notebook computer and a desktop computer through the network is very low. What is the possible reason for this?,1,A,1
2014_q26,0,llama3:8b-instruct-q8_0,D,D,D,1,0.0,0.0,0.0,1.0,0,0,0,25,25,A proxy server in a school network can ______. (1) increase the bandwidth of the Internet connection (2) filter web sites (3) store web pages for caching,1,D,1
2014_q26,1,llama3:8b-instruct-q8_0,C,C,D,1,0.0,0.0,1.0,0.0,0,0,25,0,25,A proxy server in a school network can ______. (1) increase the bandwidth of the Internet connection (2) filter web sites (3) store web pages for caching,1,C,1
2014_q26,2,llama3:8b-instruct-q8_0,B,B,D,1,0.0,1.0,0.0,0.0,0,25,0,0,25,A proxy server in a school network can ______. (1) increase the bandwidth of the Internet connection (2) filter web sites (3) store web pages for caching,1,B,1
2014_q26,3,llama3:8b-instruct-q8_0,A,A,D,1,0.52,0.0,0.48,0.0,13,0,12,0,25,A proxy server in a school network can ______. (1) increase the bandwidth of the Internet connection (2) filter web sites (3) store web pages for caching,1,C,0
2014_q28,0,llama3:8b-instruct-q8_0,B,B,B,1,0.0,0.64,0.36,0.0,0,16,9,0,25,Peter can use the following two methods to download files. He chooses Method 1. Why? Method 1: Direct download through HTTP Method 2: Download using Peer-to-Peer (P2P) file sharing technology,1,B,1
2014_q28,1,llama3:8b-instruct-q8_0,B,A,B,0,0.0,1.0,0.0,0.0,0,25,0,0,25,Peter can use the following two methods to download files. He chooses Method 1. Why? Method 1: Direct download through HTTP Method 2: Download using Peer-to-Peer (P2P) file sharing technology,0,B,0
2014_q28,2,llama3:8b-instruct-q8_0,D,D,B,1,0.12,0.0,0.0,0.88,3,0,0,22,25,Peter can use the following two methods to download files. He chooses Method 1. Why? Method 1: Direct download through HTTP Method 2: Download using Peer-to-Peer (P2P) file sharing technology,1,D,1
2014_q28,3,llama3:8b-instruct-q8_0,D,C,B,0,0.0,0.0,0.48,0.52,0,0,12,13,25,Peter can use the following two methods to download files. He chooses Method 1. Why? Method 1: Direct download through HTTP Method 2: Download using Peer-to-Peer (P2P) file sharing technology,0,D,0
2014_q29,0,llama3:8b-instruct-q8_0,C,C,C,1,0.0,0.0,1.0,0.0,0,0,25,0,25,"When constructing tables in a web page, which of the following attributes of the tables can be set? (1) Page margin (2) Border (3) Text alignment",1,C,1
2014_q29,1,llama3:8b-instruct-q8_0,B,B,C,1,0.0,1.0,0.0,0.0,0,25,0,0,25,"When constructing tables in a web page, which of the following attributes of the tables can be set? (1) Page margin (2) Border (3) Text alignment",1,B,1
2014_q29,2,llama3:8b-instruct-q8_0,A,A,C,1,1.0,0.0,0.0,0.0,25,0,0,0,25,"When constructing tables in a web page, which of the following attributes of the tables can be set? (1) Page margin (2) Border (3) Text alignment",1,A,1
2014_q29,3,llama3:8b-instruct-q8_0,D,D,C,1,0.0,0.0,0.0,1.0,0,0,0,25,25,"When constructing tables in a web page, which of the following attributes of the tables can be set? (1) Page margin (2) Border (3) Text alignment",1,D,1
2014_q30,0,llama3:8b-instruct-q8_0,A,A,A,1,1.0,0.0,0.0,0.0,25,0,0,0,25,The sales department of an insurance company wants to improve service to its clients. It asks the IT project manager to establish some web pages for the clients. What should the IT project manager do first?,1,A,1
2014_q30,1,llama3:8b-instruct-q8_0,D,D,A,1,0.0,0.0,0.0,1.0,0,0,0,25,25,The sales department of an insurance company wants to improve service to its clients. It asks the IT project manager to establish some web pages for the clients. What should the IT project manager do first?,1,D,1
2014_q30,2,llama3:8b-instruct-q8_0,C,C,A,1,0.0,0.0,1.0,0.0,0,0,25,0,25,The sales department of an insurance company wants to improve service to its clients. It asks the IT project manager to establish some web pages for the clients. What should the IT project manager do first?,1,C,1
2014_q30,3,llama3:8b-instruct-q8_0,B,B,A,1,0.0,1.0,0.0,0.0,0,25,0,0,25,The sales department of an insurance company wants to improve service to its clients. It asks the IT project manager to establish some web pages for the clients. What should the IT project manager do first?,1,B,1
2014_q34,0,llama3:8b-instruct-q8_0,D,D,D,1,0.0,0.0,0.0,1.0,0,0,0,25,25,Which of the following public policies can improve the digital divide in Hong Kong? (1) Subsidise low-income families so that they can get Internet access at home. (2) Provide computer equipment to students in need. (3) Give free training courses to citizens who lack basic IT skills.,1,D,1
2014_q34,1,llama3:8b-instruct-q8_0,C,C,D,1,0.36,0.0,0.64,0.0,9,0,16,0,25,Which of the following public policies can improve the digital divide in Hong Kong? (1) Subsidise low-income families so that they can get Internet access at home. (2) Provide computer equipment to students in need. (3) Give free training courses to citizens who lack basic IT skills.,1,C,1
2014_q34,2,llama3:8b-instruct-q8_0,B,B,D,1,0.0,0.68,0.0,0.32,0,17,0,8,25,Which of the following public policies can improve the digital divide in Hong Kong? (1) Subsidise low-income families so that they can get Internet access at home. (2) Provide computer equipment to students in need. (3) Give free training courses to citizens who lack basic IT skills.,1,B,1
2014_q34,3,llama3:8b-instruct-q8_0,A,A,D,1,1.0,0.0,0.0,0.0,25,0,0,0,25,Which of the following public policies can improve the digital divide in Hong Kong? (1) Subsidise low-income families so that they can get Internet access at home. (2) Provide computer equipment to students in need. (3) Give free training courses to citizens who lack basic IT skills.,1,A,1
2014_q35,0,llama3:8b-instruct-q8_0,C,C,C,1,0.0,0.0,1.0,0.0,0,0,25,0,25,"Mary is a teenager and makes a new friend, Ada, through a random search function in a social networking web site. Ada wants to meet Mary the following Monday night at 10 p.m. in a restaurant. Mary's eldest brother advises her not to meet Ada. What is the major reason?",1,C,1
2014_q35,1,llama3:8b-instruct-q8_0,B,B,C,1,0.0,1.0,0.0,0.0,0,25,0,0,25,"Mary is a teenager and makes a new friend, Ada, through a random search function in a social networking web site. Ada wants to meet Mary the following Monday night at 10 p.m. in a restaurant. Mary's eldest brother advises her not to meet Ada. What is the major reason?",1,B,1
2014_q35,2,llama3:8b-instruct-q8_0,A,A,C,1,1.0,0.0,0.0,0.0,25,0,0,0,25,"Mary is a teenager and makes a new friend, Ada, through a random search function in a social networking web site. Ada wants to meet Mary the following Monday night at 10 p.m. in a restaurant. Mary's eldest brother advises her not to meet Ada. What is the major reason?",1,A,1
2014_q35,3,llama3:8b-instruct-q8_0,D,D,C,1,0.0,0.0,0.0,1.0,0,0,0,25,25,"Mary is a teenager and makes a new friend, Ada, through a random search function in a social networking web site. Ada wants to meet Mary the following Monday night at 10 p.m. in a restaurant. Mary's eldest brother advises her not to meet Ada. What is the major reason?",1,D,1
2014_q36,0,llama3:8b-instruct-q8_0,B,B,B,1,0.0,1.0,0.0,0.0,0,25,0,0,25,John does not download patches to upgrade the operating system of his computer. Which of the following statements best describes the possible consequences?,1,B,1
2014_q36,1,llama3:8b-instruct-q8_0,A,A,B,1,1.0,0.0,0.0,0.0,25,0,0,0,25,John does not download patches to upgrade the operating system of his computer. Which of the following statements best describes the possible consequences?,1,A,1
2014_q36,2,llama3:8b-instruct-q8_0,D,D,B,1,0.0,0.0,0.0,1.0,0,0,0,25,25,John does not download patches to upgrade the operating system of his computer. Which of the following statements best describes the possible consequences?,1,D,1
2014_q36,3,llama3:8b-instruct-q8_0,C,C,B,1,0.0,0.0,1.0,0.0,0,0,25,0,25,John does not download patches to upgrade the operating system of his computer. Which of the following statements best describes the possible consequences?,1,C,1
2014_q38,0,llama3:8b-instruct-q8_0,A,A,A,1,1.0,0.0,0.0,0.0,25,0,0,0,25,Which of the following statements about copyright protection in Hong Kong is correct?,1,A,1
2014_q38,1,llama3:8b-instruct-q8_0,D,D,A,1,0.0,0.0,0.0,1.0,0,0,0,25,25,Which of the following statements about copyright protection in Hong Kong is correct?,1,D,1
2014_q38,2,llama3:8b-instruct-q8_0,C,C,A,1,0.0,0.0,1.0,0.0,0,0,25,0,25,Which of the following statements about copyright protection in Hong Kong is correct?,1,C,1
2014_q38,3,llama3:8b-instruct-q8_0,B,B,A,1,0.0,1.0,0.0,0.0,0,25,0,0,25,Which of the following statements about copyright protection in Hong Kong is correct?,1,B,1
2014_q39,0,llama3:8b-instruct-q8_0,C,C,C,1,0.0,0.0,1.0,0.0,0,0,25,0,25,Which of the following actions for desktop computers is/are environmentally-friendly? (1) Enable the power management function. (2) Lower the screen resolution. (3) Use LED monitors instead of CRT monitors.,1,C,1
2014_q39,1,llama3:8b-instruct-q8_0,B,B,C,1,0.0,1.0,0.0,0.0,0,25,0,0,25,Which of the following actions for desktop computers is/are environmentally-friendly? (1) Enable the power management function. (2) Lower the screen resolution. (3) Use LED monitors instead of CRT monitors.,1,B,1
2014_q39,2,llama3:8b-instruct-q8_0,A,A,C,1,1.0,0.0,0.0,0.0,25,0,0,0,25,Which of the following actions for desktop computers is/are environmentally-friendly? (1) Enable the power management function. (2) Lower the screen resolution. (3) Use LED monitors instead of CRT monitors.,1,A,1
2014_q39,3,llama3:8b-instruct-q8_0,D,D,C,1,0.0,0.0,0.0,1.0,0,0,0,25,25,Which of the following actions for desktop computers is/are environmentally-friendly? (1) Enable the power management function. (2) Lower the screen resolution. (3) Use LED monitors instead of CRT monitors.,1,D,1
2014_q40,0,llama3:8b-instruct-q8_0,B,B,B,1,0.0,1.0,0.0,0.0,0,25,0,0,25,"In an office network, a technician installs a firewall instead of antivirus software. What is the major reason for this?",1,B,1
2014_q40,1,llama3:8b-instruct-q8_0,A,A,B,1,1.0,0.0,0.0,0.0,25,0,0,0,25,"In an office network, a technician installs a firewall instead of antivirus software. What is the major reason for this?",1,A,1
2014_q40,2,llama3:8b-instruct-q8_0,D,D,B,1,0.0,0.0,0.0,1.0,0,0,0,25,25,"In an office network, a technician installs a firewall instead of antivirus software. What is the major reason for this?",1,D,1
2014_q40,3,llama3:8b-instruct-q8_0,C,C,B,1,0.0,0.0,1.0,0.0,0,0,25,0,25,"In an office network, a technician installs a firewall instead of antivirus software. What is the major reason for this?",1,C,1
2015_q1,0,llama3:8b-instruct-q8_0,A,C,C,0,0.48,0.28,0.24,0.0,12,7,6,0,25,"An 8-bit code 10010011 is received without an error. The last bit is a parity bit. Using the same parity check, which of the following received codes has an error?",0,A,0
2015_q1,1,llama3:8b-instruct-q8_0,B,B,C,1,0.4,0.56,0.04,0.0,10,14,1,0,25,"An 8-bit code 10010011 is received without an error. The last bit is a parity bit. Using the same parity check, which of the following received codes has an error?",1,B,1
2015_q1,2,llama3:8b-instruct-q8_0,A,A,C,1,0.52,0.48,0.0,0.0,13,12,0,0,25,"An 8-bit code 10010011 is received without an error. The last bit is a parity bit. Using the same parity check, which of the following received codes has an error?",1,B,0
2015_q1,3,llama3:8b-instruct-q8_0,B,D,C,0,0.4,0.44,0.0,0.16,10,11,0,4,25,"An 8-bit code 10010011 is received without an error. The last bit is a parity bit. Using the same parity check, which of the following received codes has an error?",0,B,0
2015_q2,0,llama3:8b-instruct-q8_0,B,B,B,1,0.0,1.0,0.0,0.0,0,25,0,0,25,Arrange the following 4-bit numbers using two's complement representation in ascending order. (1) 1000 (2) 0100 (3) 0111 (4) 1111,1,B,1
2015_q2,1,llama3:8b-instruct-q8_0,B,A,B,0,0.0,1.0,0.0,0.0,0,25,0,0,25,Arrange the following 4-bit numbers using two's complement representation in ascending order. (1) 1000 (2) 0100 (3) 0111 (4) 1111,0,B,0
2015_q2,2,llama3:8b-instruct-q8_0,B,D,B,0,0.0,0.68,0.0,0.32,0,17,0,8,25,Arrange the following 4-bit numbers using two's complement representation in ascending order. (1) 1000 (2) 0100 (3) 0111 (4) 1111,0,B,0
2015_q2,3,llama3:8b-instruct-q8_0,B,C,B,0,0.0,0.64,0.36,0.0,0,16,9,0,25,Arrange the following 4-bit numbers using two's complement representation in ascending order. (1) 1000 (2) 0100 (3) 0111 (4) 1111,0,B,0
2015_q3,0,llama3:8b-instruct-q8_0,C,C,C,1,0.0,0.0,1.0,0.0,0,0,25,0,25,"When using a database management systems tool, what is the major purpose of a query?",1,C,1
2015_q3,1,llama3:8b-instruct-q8_0,B,B,C,1,0.0,1.0,0.0,0.0,0,25,0,0,25,"When using a database management systems tool, what is the major purpose of a query?",1,B,1
2015_q3,2,llama3:8b-instruct-q8_0,A,A,C,1,1.0,0.0,0.0,0.0,25,0,0,0,25,"When using a database management systems tool, what is the major purpose of a query?",1,A,1
2015_q3,3,llama3:8b-instruct-q8_0,D,D,C,1,0.0,0.0,0.0,1.0,0,0,0,25,25,"When using a database management systems tool, what is the major purpose of a query?",1,D,1
2015_q4,0,llama3:8b-instruct-q8_0,B,B,B,1,0.0,1.0,0.0,0.0,0,25,0,0,25,"A company uses a smart card system to record the attendance records of its employees. When an employee enters the company's office, he puts his smart card on a card reader and a new record is generated and stored in a database table. Which of the following fields are essential in the new record? (1) Smart card number (2) Employee's name (3) Employee's department (4) Time of entering the office",1,B,1
2015_q4,1,llama3:8b-instruct-q8_0,A,A,B,1,1.0,0.0,0.0,0.0,25,0,0,0,25,"A company uses a smart card system to record the attendance records of its employees. When an employee enters the company's office, he puts his smart card on a card reader and a new record is generated and stored in a database table. Which of the following fields are essential in the new record? (1) Smart card number (2) Employee's name (3) Employee's department (4) Time of entering the office",1,A,1
2015_q4,2,llama3:8b-instruct-q8_0,D,D,B,1,0.0,0.0,0.0,1.0,0,0,0,25,25,"A company uses a smart card system to record the attendance records of its employees. When an employee enters the company's office, he puts his smart card on a card reader and a new record is generated and stored in a database table. Which of the following fields are essential in the new record? (1) Smart card number (2) Employee's name (3) Employee's department (4) Time of entering the office",1,D,1
2015_q4,3,llama3:8b-instruct-q8_0,C,C,B,1,0.0,0.0,1.0,0.0,0,0,25,0,25,"A company uses a smart card system to record the attendance records of its employees. When an employee enters the company's office, he puts his smart card on a card reader and a new record is generated and stored in a database table. Which of the following fields are essential in the new record? (1) Smart card number (2) Employee's name (3) Employee's department (4) Time of entering the office",1,C,1
2015_q5,0,llama3:8b-instruct-q8_0,B,B,B,1,0.0,0.68,0.32,0.0,0,17,8,0,25,"10,000 runners participate in a marathon competition. Each runner has a unique identity code stored in a RFID (radio-frequency identification) tag on one of his or her shoes. What is the minimum storage size required in each tag?",1,B,1
2015_q5,1,llama3:8b-instruct-q8_0,C,A,B,0,0.24,0.28,0.28,0.2,6,7,7,5,25,"10,000 runners participate in a marathon competition. Each runner has a unique identity code stored in a RFID (radio-frequency identification) tag on one of his or her shoes. What is the minimum storage size required in each tag?",0,C,0
2015_q5,2,llama3:8b-instruct-q8_0,D,D,B,1,0.0,0.36,0.0,0.64,0,9,0,16,25,"10,000 runners participate in a marathon competition. Each runner has a unique identity code stored in a RFID (radio-frequency identification) tag on one of his or her shoes. What is the minimum storage size required in each tag?",1,D,1
2015_q5,3,llama3:8b-instruct-q8_0,B,C,B,0,0.28,0.32,0.28,0.12,7,8,7,3,25,"10,000 runners participate in a marathon competition. Each runner has a unique identity code stored in a RFID (radio-frequency identification) tag on one of his or her shoes. What is the minimum storage size required in each tag?",0,B,0
2015_q6,0,llama3:8b-instruct-q8_0,D,D,D,1,0.0,0.0,0.0,1.0,0,0,0,25,25,"In a law firm, the lawyers need to read many archive documents every day. The firm plans to scan and store its archive documents as digital images so that the lawyers can use computers to search and view the documents. What is the major benefit of such digitisation?",1,D,1
2015_q6,1,llama3:8b-instruct-q8_0,C,C,D,1,0.0,0.0,1.0,0.0,0,0,25,0,25,"In a law firm, the lawyers need to read many archive documents every day. The firm plans to scan and store its archive documents as digital images so that the lawyers can use computers to search and view the documents. What is the major benefit of such digitisation?",1,C,1
2015_q6,2,llama3:8b-instruct-q8_0,B,B,D,1,0.0,1.0,0.0,0.0,0,25,0,0,25,"In a law firm, the lawyers need to read many archive documents every day. The firm plans to scan and store its archive documents as digital images so that the lawyers can use computers to search and view the documents. What is the major benefit of such digitisation?",1,B,1
2015_q6,3,llama3:8b-instruct-q8_0,A,A,D,1,1.0,0.0,0.0,0.0,25,0,0,0,25,"In a law firm, the lawyers need to read many archive documents every day. The firm plans to scan and store its archive documents as digital images so that the lawyers can use computers to search and view the documents. What is the major benefit of such digitisation?",1,A,1
